INSERT INTO user_t (user_id, user_name, github_handle, codeforces_handle, leetcode_handle, dob, city, state)
VALUES
(1, 'Priya Patel', 'priyap', 'priyap_cf', 'priyap_lc', '1988-06-27', 'Ahmedabad', 'Gujarat'),
(2, 'Amit Singh', 'amits', 'amits_cf', 'amits_lc', '1994-02-19', 'Jaipur', 'Rajasthan'),
(3, 'Neha Gupta', 'nehag', 'nehag_cf', 'nehag_lc', '1990-11-05', 'Kolkata', 'West Bengal'),
(4, 'Vikram Kumar', 'vikramk', 'vikramk_cf', 'vikramk_lc', '1996-04-30', 'Chennai', 'Tamil 
Nadu'),
(5, 'Shreya Desai', 'shreyad', 'shreyad_cf', 'shreyad_lc', '1985-12-15', 'Hyderabad', 
'Telangana'),
(6, 'Sneha Sharma', 'snehas', 'snehas_cf', 'snehas_lc', '1990-09-15', 'Mumbai', 
'Maharashtra'),
(7, 'Rahul Mehta', 'rahulm', 'rahulm_cf', 'rahulm_lc', '1988-07-10', 'Delhi', 'Delhi'),
(8, 'Ayesha Khan', 'ayeshak', 'ayeshak_cf', 'ayeshak_lc', '1995-03-25', 'Bangalore', 
'Karnataka'),
(9, 'Karan Patel', 'karank', 'karank_cf', 'karank_lc', '1992-11-20', 'Pune', 'Maharashtra'),
(10, 'Riya Verma', 'riyav', 'riyav_cf', 'riyav_lc', '1987-04-05', 'Ahmedabad', 'Gujarat');


INSERT INTO mobile_number (user_id, mobile_number)
VALUES
(1, '+91 5432109876'),
(1, '+91 4321098765'),
(2, '+91 3210987654'),
(3, '+91 2109876543'),
(4, '+91 1098765432'),
(4, '+91 9988776655'),
(5, '+91 8877665544'),
(5, '+91 7766554433'),
(6, '+91 9876543210'),
(7, '+91 8765432109'),
(6, '+91 7654321098'),
(8, '+91 6543210987'),
(9, '+91 5432109876'),
(9, '+91 1122334455'),
(8, '+91 3344556677'),
(10, '+91 4455667788');


INSERT INTO email_id (user_id, email_id)
VALUES
(1, 'priyap@example.com'),
(1, 'priya.patel@example.com'),
(2, 'amits@example.com'),
(3, 'nehag@example.com'),
(4, 'vikramk@example.com'),
(5, 'shreyad@example.com'),
(6, 'snehas@example.com'),
(6, 'sneha.sharma@example.com'),
(7, 'rahulm@example.com'),
(8, 'ayeshak@example.com'),
(9, 'karank@example.com'),
(10, 'riyav@example.com');


INSERT INTO user_t (user_id, user_name, github_handle, codeforces_handle, leetcode_handle, dob, city, state)
VALUES
(1, 'Priya Patel', 'priyap', 'priyap_cf', 'priyap_lc', '1988-06-27', 'Ahmedabad', 'Gujarat'),
(2, 'Amit Singh', 'amits', 'amits_cf', 'amits_lc', '1994-02-19', 'Jaipur', 'Rajasthan'),
(3, 'Neha Gupta', 'nehag', 'nehag_cf', 'nehag_lc', '1990-11-05', 'Kolkata', 'West Bengal'),
(4, 'Vikram Kumar', 'vikramk', 'vikramk_cf', 'vikramk_lc', '1996-04-30', 'Chennai', 'Tamil Nadu'),
(5, 'Shreya Desai', 'shreyad', 'shreyad_cf', 'shreyad_lc', '1985-12-15', 'Hyderabad', 'Telangana'),
(6, 'Sneha Sharma', 'snehas', 'snehas_cf', 'snehas_lc', '1990-09-15', 'Mumbai', 'Maharashtra'),
(7, 'Rahul Mehta', 'rahulm', 'rahulm_cf', 'rahulm_lc', '1988-07-10', 'Delhi', 'Delhi'),
(8, 'Ayesha Khan', 'ayeshak', 'ayeshak_cf', 'ayeshak_lc', '1995-03-25', 'Bangalore', 'Karnataka'),
(9, 'Karan Patel', 'karank', 'karank_cf', 'karank_lc', '1992-11-20', 'Pune', 'Maharashtra'),
(10, 'Riya Verma', 'riyav', 'riyav_cf', 'riyav_lc', '1987-04-05', 'Ahmedabad', 'Gujarat');


INSERT INTO mobile_number (user_id, mobile_number)
VALUES
(1, '+91 5432109876'),
(1, '+91 4321098765'),
(2, '+91 3210987654'),
(3, '+91 2109876543'),
(4, '+91 1098765432'),
(4, '+91 9988776655'),
(5, '+91 8877665544'),
(5, '+91 7766554433'),
(6, '+91 9876543210'),
(7, '+91 8765432109'),
(6, '+91 7654321098'),
(8, '+91 6543210987'),
(9, '+91 5432109876'),
(9, '+91 1122334455'),
(8, '+91 3344556677'),
(10, '+91 4455667788');


INSERT INTO email_id (user_id, email_id)
VALUES
(1, 'priyap@example.com'),
(1, 'priya.patel@example.com'),
(2, 'amits@example.com'),
(3, 'nehag@example.com'),
(4, 'vikramk@example.com'),
(5, 'shreyad@example.com'),
(6, 'snehas@example.com'),
(6, 'sneha.sharma@example.com'),
(7, 'rahulm@example.com'),
(8, 'ayeshak@example.com'),
(9, 'karank@example.com'),
(10, 'riyav@example.com');


INSERT INTO user_login (user_id, applicant_username, password)
VALUES 
(1, 'priyap', 'password123'),
(2, 'amits', 'securePassword456'),
(3, 'nehag', 'strongPass789'),
(4, 'vikramk', 'pass1234'),
(5, 'shreyad', 'mySecretPass'),
(6, 'snehas', 'newPassword123'),
(7, 'rahulm', 'securePassword789'),
(8, 'ayeshak', 'strongPass456'),
(9, 'karank', 'pass5678'),
(10, 'riyav', 'mySecretPass123');


INSERT INTO project (user_id, pno, pname, description)
VALUES
(1, 1, 'E-commerce Website', 'Develop an online store for selling products.'),
(1, 2, 'Mobile App for Fitness', 'Create a mobile application to track fitness activities.'),
(2, 3, 'Data Analysis Dashboard', 'Build a dashboard for visualizing and analyzing data.'),
(3, 4, 'Cloud-based Application', 'Develop an application hosted on cloud infrastructure.'),
(4, 5, 'Online Learning Platform', 'Develop a platform for online courses and learning materials.'),
(5, 6, 'Social Media Analytics Tool', 'Build a tool for analyzing social media data and generating insights.'),
(3, 7, 'iOS App for Restaurant', 'Develop an iOS application for managing restaurant orders and menus.'),
(6, 8, 'Online Service Platform', 'Develop a platform for online services.'),
(7, 9, 'E-commerce Inventory Management System', 'Develop a system to manage inventory for an e-commerce platform.'),
(8, 10,'Event Management Platform', 'Develop a platform to manage and organize events, conferences, and workshops.');


INSERT INTO project_techstack (pno, tech)
VALUES
(2, 'Android Development'),
(1, 'Web Development'),
(3, 'Data Science'),
(4, 'Cloud Computing'),
(5, 'Database Administration'),
(6, 'Machine Learning (ML)'),
(7, 'iOS Development'),
(8, 'Database Administration'),
(9, 'Web Development'),
(10, 'Web Development');


INSERT INTO skills (skill_name, skill_category, description)
VALUES
( 'Android Development', 'Development', 'Creating mobile apps for Android using Java or Kotlin and Android Studio.'),
( 'iOS Development', 'Development', 'Developing apps for iOS using Swift and Xcode.'),
( 'Game Development', 'Development', 'Designing interactive games using Unity and C#.'),
( 'Web Development', 'Development', 'Building websites using HTML, CSS, JavaScript, and frameworks like React, Angular, or Vue.js.'),
( 'Full Stack Development', 'Development', 'Developing front-end, back-end, and databases for web apps.'),
( 'Data Science', 'Data & Analytics', 'Analyzing datasets, deriving insights, and building models with ML.'),
( 'Database Administration', 'Data & Analytics', 'Managing and optimizing databases for performance and security.'),
( 'Network Administration', 'Network & Infrastructure', 'Configuring and troubleshooting computer networks.'),
( 'Cloud Computing', 'Network & Infrastructure', 'Deploying and managing cloud infrastructure on AWS, Azure, or GCP.'),
( 'DevOps', 'Network & Infrastructure', 'Implementing automation, CI/CD pipelines, and IaC practices.'),
( 'Artificial Intelligence (AI)', 'Innovation', 'Developing intelligent systems for tasks requiring human intelligence.'),
( 'Machine Learning', 'Innovation', 'Building algorithms for learning from data and making predictions.'),
( 'Cybersecurity', 'Cyber Security', 'Protecting systems, networks, and data from cyber threats.');


INSERT INTO possess(user_id, skill_name)
VALUES
 (1, 'Android Development'),
 (3, 'iOS Development'),
 (1, 'Web Development'), 
 (7, 'Web Development'),
 (8, 'Web Development'),
 (2, 'Data Science'),
 (4, 'Database Administration'),
 (6, 'Database Administration'),
 (3, 'Cloud Computing'),
 (5, 'Machine Learning'),
 (10,'Artificial Intelligence (AI)'),
 (9, 'Cybersecurity');


INSERT INTO experience (user_id, eid, company_name, address, mode, duration)
VALUES
(2, 1, 'ABC Technologies', '123 Main Street, Mumbai, India', 'In Office', '2 years'),
(3, 2, 'XYZ Corporation', '456 Park Avenue, Pune, India', 'Work from Home', '3 months'),
(1, 3, 'Tech Solutions Ltd.', '789 Elm Street, Indore, India', 'In Office', '1 year'),
(4, 4, 'Innovate Inc.', '101 Oak Lane, Ahemdabad, India', 'In Office', '3 years'),
(5, 5, 'Data Analytics Co.', '555 Pine Road, Delhi, India', 'Work from Home', '4 years'),
(8, 6, 'Digital Solutions Inc.', '888 Cedar Street, Bangalore, India', 'Remote', '2 years'),
(9, 7, 'Tech Innovations Pvt. Ltd.', '999 Willow Avenue, Chennai, India', 'In Office', '1 year'),
(6, 8, 'Global Enterprises Ltd.', '777 Birch Road, Kolkata, India', 'Remote', '3 years'),
(7, 9, 'Software Solutions Co.', '222 Maple Street, Hyderabad, India', 'In Office', '2 years'),
(10, 10, 'Tech Innovate Labs', '333 Oak Avenue, Chandigarh, India', 'Work from Home', '1 year');


INSERT INTO internship_experience (eid, supervision_level)
VALUES
(2, 'Supervised Intern'),
(5, 'Team Lead Intern'),
(6,'Trainee Intern'),
(9,'Assistant Intern');


INSERT INTO job_experience (eid, seniority_level)
VALUES
(1, 'Mid-level Developer'),
(3, 'Senior Data Analyst'),
(4, 'Lead Developer'),
(7,'Assistant'),
(8,'Managerial'),
(10,'Chief');


INSERT INTO schooling (seat_no_10th, seat_no_12th, user_id, pass_out_year_12th, school_name_12th, school_name_10th, percentage_10th, percentage_12th, school_address_12th, JEE_percentile)
VALUES
('X123456', 'X789012', 1, 2010, 'ABC Higher Secondary School', 'XYZ Secondary School', 85.50, 82.40, '123 Sunshine Boulevard, Ahmedabad, Gujarat, India', 90.00),
('X234567', 'X890123', 2, 2012, 'DEF Higher Secondary School', 'PQR Secondary School', 92.30, 88.75, '456 Green Street, Jaipur, Rajasthan, India', 94.50),
('X345678', 'X901234', 3, 2009, 'GHI Higher Secondary School', 'MNO Secondary School', 78.60, 80.20, '789 Ocean Avenue, Kolkata, West Bengal, India', 85.00),
('X456789', 'X012345', 4, 2014, 'JKL Higher Secondary School', 'STU Secondary School', 91.20, 89.80, '101 Forest Lane, Chennai, Tamil Nadu, India', 92.00),
('X567890', 'X123456', 5, 2006, 'MNO Higher Secondary School', 'ABC Secondary School', 87.80, 85.90, '202 Mountain View, Hyderabadi, Telangana, India', NULL),
('X678901', 'X234567', 6, 2011, 'PQR Higher Secondary School', 'DEF Secondary School', 84.75, 87.30, '303 River Road, Mumbai, Maharashtra, India', 88.50),
('X789012', 'X345678', 7, 2008, 'STU Higher Secondary School', 'JKL Secondary School', 79.30, 81.60, '404 Sunset Drive, Delhi, Delhi, India', NULL),
('X890123', 'X456789', 8, 2013, 'VWX Higher Secondary School', 'YZA Secondary School', 90.00, 92.10, '505 Park Avenue, Bangalore, Karnataka, India', 93.25),
('X901234', 'X567890', 9, 2010, 'BCD Higher Secondary School', 'EFG Secondary School', 86.50, 88.20, '606 Hillcrest Road, Pune, Maharashtra, India', 91.00),
('X012345', 'X678901', 10, 2007, 'HIJ Higher Secondary School', 'KLM Secondary School', 83.40, 85.00, '707 Lakeside Drive, Ahmedabad, Gujarat, India', 87.75);


INSERT INTO expectation (user_id, exp_id, contract_time, salary, preference_mode)
VALUES
(2, 1, 'Full-time', 60000.00, 'On-site'),
(1, 2, 'Part-time', 40000.00, 'Remote'),
(4, 3, 'Full-time', 80000.00, 'Hybrid'),
(5, 4, 'Contract', 70000.00, 'On-site'),
(3, 5, 'Full-time', 75000.00, 'Remote'),
(6, 9, 'Internship', 20000.00, 'Remote'),
(7, 8, 'Full-time', 85000.00, 'On-site'),
(8, 10, 'Contract', 60000.00, 'Remote'),
(9, 6, 'Part-time', 35000.00, 'On-site'),
(10, 7, 'Full-time', 90000.00, 'On-site');


INSERT INTO degree (specialization, degree)
VALUES
('Computer Science', 'B.Tech'),
('Computer Science', 'M.Tech (AI-ML)'),
('Information Technology', 'B.Tech'),
('Information Technology', 'M.Tech (Data Science)'),
('Electronics and Communication Engineering', 'B.E.'),
('Electronics and Communication Engineering', 'M.Tech (AI-ML)');


INSERT INTO college (college_name, address)
VALUES
('ABC Engineering College', 'Ahmedabad'),
('XYZ University', 'Jaipur'),
('PQR Institute of Technology', 'Kolkata'),
('LMN College of Engineering', 'Pune'),
('EFG Institute of Engineering', 'Chennai'),
('RST University', 'Mumbai'),
('UVW College of Technology', 'Bangalore');


INSERT INTO offer (college_name, specialization, degree)
VALUES
('ABC Engineering College', 'Computer Science', 'B.Tech'),
('XYZ University', 'Computer Science', 'M.Tech (AI-ML)'),
('PQR Institute of Technology', 'Information Technology', 'B.Tech'),
('LMN College of Engineering', 'Information Technology', 'M.Tech (Data Science)'),
('EFG Institute of Engineering', 'Electronics and Communication Engineering', 'B.E.'),
('RST University', 'Electronics and Communication Engineering', 'M.Tech (AI-ML)');


INSERT INTO completed (user_id, specialization, degree, college_name, passout_year, cgpa)
VALUES
(1, 'Computer Science', 'B.Tech', 'ABC Engineering College', 2014, 8.50),
(1, 'Computer Science', 'M.Tech (AI-ML)', 'XYZ University', 2016, 9.00),
(2, 'Information Technology', 'B.Tech', 'LMN College of Engineering', 2017, 8.75),
(3, 'Electronics and Communication Engineering', 'B.E.', 'LMN College of Engineering', 2018, 8.90),
(4, 'Computer Science', 'B.Tech', 'ABC Engineering College', 2013, 8.80),
(4, 'Computer Science', 'M.Tech (AI-ML)', 'XYZ University', 2015, 9.20),
(5, 'Information Technology', 'B.Tech', 'LMN College of Engineering', 2018, 8.65),
(5, 'Information Technology', 'M.Tech (Data Science)', 'PQR Institute of Technology', 2016, 8.35),
(6, 'Electronics and Communication Engineering', 'B.E.', 'EFG Institute of Engineering', 2019, 8.45),
(7, 'Computer Science', 'B.Tech', 'ABC Engineering College', 2015, 8.90),
(7, 'Computer Science', 'M.Tech (AI-ML)', 'XYZ University', 2017, 9.30),
(8, 'Information Technology', 'B.Tech', 'LMN College of Engineering', 2016, 8.80),
(8, 'Information Technology', 'M.Tech (Data Science)', 'PQR Institute of Technology', 2018, 8.60),
(9, 'Computer Science', 'B.Tech', 'ABC Engineering College', 2018, 8.70),
(10, 'Electronics and Communication Engineering', 'B.E.', 'LMN College of Engineering', 2017, 8.95),
(10, 'Electronics and Communication Engineering', 'M.Tech (AI-ML)', 'RST University', 2019, 9.20);


INSERT INTO company (cid, company_name, website_link, headquarter_id)
VALUES
(1, 'Infosys', 'https://www.infosys.com/', 1),
(2, 'Tata Consultancy Services (TCS)', 'https://www.tcs.com/', 2),
(3, 'Wipro Limited', 'https://www.wipro.com/', 1),
(4, 'HCL Technologies', 'https://www.hcltech.com/', 2),
(5, 'Tech Mahindra', 'https://www.techmahindra.com/', 1),
(6, 'Accenture', 'https://www.accenture.com/', 2),
(7, 'IBM', 'https://www.ibm.com/', 1),
(8, 'Cognizant', 'https://www.cognizant.com/', 2),
(9, 'Capgemini', 'https://www.capgemini.com/', 1),
(10, 'Deloitte', 'https://www.deloitte.com/', 2);


INSERT INTO company_email (cid, email_id)
VALUES
(1, 'contact@infosys.com'),
(2, 'info@tcs.com'),
(3, 'contactus@wipro.com'),
(4, 'info@hcltech.com'),
(5, 'contactus@techmahindra.com'),
(6, 'info@accenture.com'),
(7, 'contactus@ibm.com'),
(8, 'info@cognizant.com'),
(9, 'contactus@capgemini.com'),
(10, 'info@deloitte.com');


INSERT INTO company_contact_number (cid, contact_number)
VALUES
(1, '+91 8028520261'),
(2, '+91 2267789595'),
(3, '+91 8028440011'),
(4, '+91 1202520917'),
(5, '+91 2042250000'),
(6, '+91 2267733000'),
(7, '+91 8004262255'),
(8, '+91 4402633300'),
(9, '+91 2267772000'),
(10, '+91 8022250900');


INSERT INTO company_login (cid, company_username, password)
VALUES
(1, 'infosys_admin', '78@#infosys'),
(2, 'tcs_admin', 'tcs#12$23'),
(3, 'wipro_admin', 'wipro@123%34'),
(4, 'hcl_admin', 'hcl23@123'),
(5, 'techmahindra_admin', 'techmahindra@123'),
(6, 'accenture_admin', 'accenture$789'),
(7, 'ibm_admin', 'ibm&5678'),
(8, 'cognizant_admin', 'cognizant#456'),
(9, 'capgemini_admin', 'capgemini@789'),
(10, 'deloitte_admin', 'deloitte*123');


INSERT INTO offices (office_id, cid, city, state)
VALUES
(1, 1, 'Bengaluru', 'Karnataka'),
(2, 1, 'Mumbai', 'Maharashtra'),
(1, 2, 'Mumbai', 'Maharashtra'),
(2, 2, 'Pune', 'Maharashtra'),
(1, 3, 'Bengaluru', 'Karnataka'),
(2, 3, 'Hyderabad', 'Telangana'),
(1, 4, 'Noida', 'Uttar Pradesh'),
(2, 4, 'Pune', 'Maharashtra'),
(1, 5, 'Bengaluru', 'Karnataka'),
(2, 5, 'Chennai', 'Tamil Nadu'),
(1, 6, 'Chennai', 'Tamil Nadu'),
(2, 6, 'Gurugram', 'Haryana'),
(1, 7, 'Hyderabad', 'Telangana'),
(2, 7, 'Bengaluru', 'Karnataka'),
(1, 8, 'Pune', 'Maharashtra'),
(2, 8, 'Mumbai', 'Maharashtra'),
(1, 9, 'Nagpur', 'Maharashtra'),
(2, 9, 'Noida', 'Uttar Pradesh'),
(1, 10, 'Delhi', 'Delhi'),
(2, 10, 'Kolkata', 'West Bengal');


INSERT INTO offers (offer_id, cid, skill_required, role, number_of_vacancies, end_date, salary)
VALUES
(1, 1, 'Android Development', 'Software Engineer' ,3, '2024-06-30', 80000),
(2, 1, 'iOS Development', 'Software Engineer', 2, '2024-06-14', 85000),
(3, 2, 'Web Development', 'Frontend Developer', 4, '2024-07-31', 75000),
(4, 4, 'Data Science', 'Data Scientist', 5, '2024-07-10', 90000),
(5, 3, 'Network Administration','Network Administrator', 3, '2024-07-15', 75000),
(6, 3, 'Database Administration', 'Database Administrator', 2, '2024-06-25', 80000),
(7, 5, 'Machine Learning', 'Machine Learning Engineer',2, '2024-08-04', 95000),
(8, 1, 'Android Development', 'Android Developer', 2, '2024-08-25', 85000),
(9, 2, 'iOS Development', 'iOS Developer', 4, '2024-08-20', 90000),
(10, 3, 'Web Development', 'Web Developer', 1, '2024-09-10', 80000),
(11,5,'DevOps','Network & Infrastructure', 4,'2024-08-21',50000),
(12,3, 'Full Stack Development', 'Development',2,'2025-01-11',55000),
(13,6, 'Game Development', 'Development',6,'2024-10-04',110000);


INSERT INTO contract (offer_id,contract_number, contract_start_date, contract_end_date, min_duration, location, mode, shift)
VALUES
(1,1,'2024-07-10', '2024-12-10', 5, 'Bengaluru', 'On-site', 'Day'), 
(2,1,'2024-07-01', '2025-06-30', 12, 'Bengaluru', 'Remote', 'Night'), 
(3,1,'2024-08-15', '2024-10-15', 2, 'Bengaluru', 'On-site', 'Night'), 
(4,1,'2024-08-01', '2026-07-31', 6, 'Mumbai', 'On-site', 'Day'), 
(5,1,'2024-07-20', '2025-02-20', 7, 'Hyderabad', 'Remote', 'Day'), 
(6,1,'2024-07-01', '2024-12-31', 6, 'Hyderabad', 'On-site', 'Night'), 
(7,1,'2024-08-25', '2024-09-24', 1, 'Chennai', 'Remote', 'Night'), 
(8,1,'2024-09-27', '2024-12-27', 3, 'Mumbai', 'Remote', 'Day'), 
(9,1,'2024-08-28', '2025-04-28', 8, 'Chennai', 'On-site', 'Day'), 
(10,1,'2024-09-29', '2025-01-29', 4, 'Delhi', 'Remote', 'Night'),
(11,1,'2024-09-27', '2024-12-27', 3, 'Chennai', 'Remote', 'Day'), 
(12,1,'2025-02-01', '2025-12-31', 10, 'Hyderabad', 'On-site', 'Day'), 
(13,1,'2024-10-15', '2025-02-15', 4, 'Gurugram', 'Remote', 'Night');


INSERT INTO apply (user_id, offer_id, apply_date, status) 
VALUES
(1, 8, '2024-08-22', 'Pending'),
(1, 1, '2024-06-25', 'Approved'),
(2, 4, '2024-07-3', 'Approved'),
(3, 2, '2024-06-10', 'Pending'),
(4, 6, '2024-06-22', 'Rejected'),
(5, 7, '2024-08-01', 'Pending'),
(6, 6, '2024-06-20', 'Approved'),
(7, 10, '2024-09-05', 'Pending'),
(7, 3, '2024-07-20', 'Rejected'),
(8, 3, '2024-07-22', 'Pending'),
(8, 10, '2024-09-08', 'Approved'),
(1, 10, '2024-09-05', 'Pending');


INSERT INTO search (cid, user_id)
VALUES
(1, 4),
(2, 1),
(3, 2),
(4, 3),
(5, 6),
(6, 8);